"","1983-1976","1984-1977","1985-1978","1986-1979","1987-1980","1988-1981","1989-1982","1990-1983","1991-1984","1992-1985","1993-1986","1994-1987","1995-1988","1996-1989","1997-1990","1998-1991","1999-1992","2000-1993","2001-1994","2002-1995","2003-1996","2004-1997","2005-1998","2006-1999","2007-2000","2008-2001","2009-2002","2010-2003","2011-2004","2012-2005","2013-2006","2014-2007","2015-2008","2016-2009","2017-2010","2018-2011","2019-2012"
"AbaBikila","1","1","1","1","1","1","1","1","1","0.03","1","1","1","1","1","1","1","1","1","1","1","1","1","1","1","1","1","1","1","1","1","1","1","1","1","1","1"
"Abara","1","1","1","1","1","1","1","1","1","1","1","1","1","1","1","1","1","1","1","1","1","1","1","1","1","1","1","1","1","1","1","1","0.03","1","1","1","1"
"Abarwuha","0.14","1","1","1","1","1","1","1","1","0.11","1","1","1","1","1","1","1","1","1","1","1","0.05","1","1","1","1","1","1","1","1","1","0.08","0.03","1","1","1","1"
"Abaselima","1","1","1","1","0.05","1","1","1","1","1","1","1","1","1","1","1","1","1","1","1","1","1","1","1","1","1","1","1","1","1","1","1","0.03","1","1","1","1"
"Abina","0.05","1","1","1","0.08","1","1","1","1","0.03","1","1","1","1","1","1","1","1","1","1","1","1","1","1","1","1","1","1","1","1","1","1","1","1","1","1","1"
"AbrahaAtsbaha","0.08","1","1","1","0.32","1","0.24","0.24","1","0.03","1","1","1","0.27","1","1","1","1","1","0.05","1","0.14","1","1","1","1","0.16","0.19","1","1","1","1","0.14","1","1","1","0.32"
"Abrekuy","1","1","1","1","1","1","1","1","1","1","1","1","1","1","1","1","1","1","1","1","1","1","1","1","1","1","1","1","1","1","1","1","0.03","1","1","1","1"
"AdekeAla","0.03","1","1","1","0.11","1","1","0.05","1","1","1","1","1","1","1","1","1","1","1","0.14","1","1","1","1","1","1","1","0.11","1","1","1","1","1","1","1","1","1"
"Adekiney","0.24","1","1","1","0.19","1","0.3","1","1","1","1","1","1","0.19","1","1","1","1","1","0.08","1","0.03","0.05","1","1","0.3","1","0.22","0.35","0.14","0.38","1","0.14","1","1","1","0.32"
"AderSeg","1","1","1","1","1","1","1","1","1","0.03","1","1","1","1","1","1","1","1","1","1","1","1","1","1","1","1","1","1","1","1","1","1","1","1","1","1","1"
"Adibearj","1","1","1","1","1","1","1","1","1","1","1","1","1","0.05","1","1","1","1","1","1","1","1","0.03","1","1","1","1","1","1","1","1","1","1","1","1","1","1"
"AdiHa","0.05","1","1","1","1","1","1","0.05","1","1","1","1","1","1","1","1","1","1","1","1","1","1","1","1","1","1","1","1","1","1","1","1","1","1","1","1","1"
"AdiKisandid","0.11","1","1","1","0.38","1","0.22","0.27","1","0.05","1","1","1","0.27","1","1","1","1","1","0.08","1","0.05","0.3","1","1","0.38","0.16","0.19","1","1","1","1","0.16","1","1","1","0.38"
"Adisalem","0.16","1","1","0.14","0.19","1","0.22","1","1","0.05","1","1","1","1","1","1","1","1","1","1","1","1","1","1","0.08","1","0.24","1","1","1","1","0.11","0.03","1","1","1","1"
"AdisAlemS","0.03","1","1","1","0.14","1","1","0.05","1","1","1","1","1","1","1","1","1","1","1","0.11","1","1","1","1","1","1","1","0.08","1","1","1","1","1","1","1","1","1"
"AdisAlemW","0.08","1","1","1","1","1","1","0.19","1","1","1","1","1","0.14","1","1","1","1","1","0.11","1","1","0.03","1","1","1","1","1","1","0.08","1","1","0.16","1","1","1","1"
"Adiselam","1","1","1","1","1","1","1","1","1","1","1","1","1","1","1","1","1","1","1","1","1","1","1","1","1","1","1","1","1","1","1","1","1","1","1","1","1"
"Adishimbirkti","1","0.05","0.22","1","0.03","0.32","1","1","1","0.27","0.19","1","0.19","1","1","1","1","1","0.19","0.24","1","0.19","1","1","1","0.38","1","0.3","1","1","1","0.35","0.08","1","1","1","1"
"AdisKigni","0.22","0.11","0.32","0.3","0.11","0.59","1","0.57","1","0.46","1","1","0.19","1","1","1","1","1","1","0.35","1","0.14","1","0.41","1","0.41","1","0.24","0.27","0.57","0.16","0.05","0.03","0.43","0.49","1","0.51"
"Adiyikoro","0.11","1","1","1","1","1","1","1","1","1","1","1","1","1","1","1","1","1","1","0.11","1","1","1","1","1","1","1","1","1","0.03","1","1","0.11","1","1","1","1"
"Adizata","0.14","1","1","1","1","1","0.19","1","1","1","1","1","1","0.14","1","1","1","1","1","0.16","1","1","0.03","1","1","1","1","1","1","0.05","1","1","0.08","1","1","1","1"
"Adreb","1","1","1","1","1","1","1","1","1","1","1","1","1","0.05","1","1","1","1","1","1","1","1","1","1","1","1","1","1","1","0.03","1","1","1","1","1","1","1"
"AgazenMeda","0.38","0.46","1","1","0.14","1","0.46","1","1","0.32","1","0.27","1","0.22","0.24","1","0.32","0.11","0.35","1","1","0.19","0.41","0.11","0.19","1","0.49","1","1","1","1","0.03","0.11","1","1","1","1"
"Agazi","0.14","0.49","0.3","1","0.35","1","0.24","0.27","1","0.11","1","0.49","1","1","1","1","1","1","1","0.03","1","0.11","0.19","1","1","0.35","0.22","0.49","1","0.49","1","0.49","0.11","1","1","1","0.16"
"Agbe","0.03","1","1","1","1","1","1","1","1","1","1","1","1","1","1","1","1","1","1","1","1","1","1","1","1","1","1","1","1","1","1","1","1","1","1","1","1"
"Agela","1","1","1","1","1","1","1","1","1","1","1","1","1","1","1","1","1","1","1","1","1","1","1","1","1","1","1","1","1","1","1","1","1","1","1","1","1"
"Agid","1","1","1","1","1","1","1","1","1","1","1","1","1","1","1","1","1","1","1","1","1","1","1","1","1","1","1","1","1","1","1","1","1","1","1","1","1"
"AlemeTesfa","0.11","0.49","1","0.24","0.08","1","0.14","0.59","1","0.19","0.41","1","1","0.49","0.38","1","0.16","0.27","1","0.54","0.38","0.22","0.54","0.49","0.32","0.68","0.62","0.32","1","1","0.68","0.05","0.03","0.59","1","1","1"
"AmdiWeyane","0.03","1","1","1","0.08","1","1","0.05","1","1","1","1","1","1","1","1","1","1","1","0.11","1","1","1","1","1","1","1","1","1","1","1","1","1","1","1","1","1"
"Amedwuha","1","0.16","0.16","1","0.19","1","1","1","1","0.16","1","1","0.05","1","1","1","1","1","1","0.24","1","0.03","1","1","1","1","1","1","1","1","0.22","1","0.16","1","1","1","1"
"Ameno","1","1","1","1","1","1","1","1","1","1","1","1","1","1","1","1","1","1","1","1","1","1","1","1","1","1","1","1","1","1","1","1","1","1","1","1","1"
"Amisetya","1","1","1","1","0.03","1","1","1","1","0.05","0.14","1","1","1","1","1","1","1","1","1","1","0.08","1","1","1","1","1","1","1","1","1","0.16","0.14","1","1","1","1"
"Angot","1","1","1","1","1","1","1","1","1","0.08","1","1","1","1","1","1","1","1","1","1","1","0.05","1","1","1","1","1","1","1","1","1","1","0.03","1","1","1","1"
"Anigot","1","1","1","1","1","1","1","1","1","1","1","1","1","1","1","1","1","1","1","1","1","1","1","1","1","1","1","1","1","1","1","1","1","1","1","1","1"
"Ansheb","0.16","1","1","0.08","0.05","1","0.11","1","1","0.16","1","1","1","1","1","1","1","1","1","1","1","1","1","1","0.19","1","1","1","0.22","1","1","1","0.03","1","1","1","1"
"AquaShumoch","1","1","1","1","1","1","1","1","1","1","1","1","1","1","1","1","1","1","1","1","1","1","1","1","1","1","1","1","1","1","1","1","1","1","1","1","1"
"Aquha","0.19","1","1","1","0.03","1","1","1","1","0.14","0.22","1","1","1","1","1","1","0.05","1","1","1","0.11","1","1","1","1","1","0.24","1","1","1","0.16","0.08","1","1","1","1"
"Arena","0.11","1","1","1","0.03","1","1","0.11","1","1","1","1","1","1","1","1","1","1","1","0.11","1","1","1","1","1","1","1","1","1","1","1","1","1","1","1","1","1"
"Asmena","0.22","1","0.3","0.35","0.38","1","0.16","1","1","0.05","1","1","1","0.24","1","1","1","0.46","1","0.11","1","0.11","0.14","1","1","1","0.46","0.46","1","0.22","0.35","0.49","0.05","1","1","1","0.27"
"Asta","1","1","1","1","1","1","1","1","1","1","1","1","1","1","1","1","1","1","1","1","1","1","1","1","1","1","1","1","1","1","1","1","1","1","1","1","1"
"Atakilti","1","1","1","1","1","1","1","1","1","1","1","1","1","1","1","1","1","1","1","1","1","1","1","1","1","1","1","1","1","1","1","1","1","1","1","1","1"
"AwetBikalsi","0.03","1","1","1","0.11","1","1","0.11","1","1","1","1","1","1","1","1","1","1","1","0.05","1","1","1","1","1","1","1","1","1","1","1","1","1","1","1","1","1"
"AwusaMeda","0.08","1","1","0.22","0.11","1","0.22","1","1","0.14","1","1","1","1","1","1","1","0.43","1","1","0.38","0.05","0.3","1","0.24","0.3","0.35","1","1","1","0.32","0.22","0.03","1","0.41","1","1"
"Ayba","0.3","0.03","0.32","0.38","0.16","1","1","1","1","0.11","1","1","0.27","0.51","1","1","1","1","1","0.05","1","0.14","1","1","1","0.22","1","0.24","1","0.38","0.22","0.41","0.08","1","0.51","0.51","0.43"
"Aynalem","0.08","1","1","1","0.16","1","0.32","0.3","1","0.11","1","1","1","0.24","1","1","1","0.24","1","0.05","1","0.03","1","1","1","1","0.16","0.24","1","1","1","1","0.3","1","1","1","1"
"Bala","0.24","0.11","0.41","0.35","0.14","0.59","0.59","0.49","0.65","0.51","1","1","0.16","1","1","1","1","0.73","1","0.41","1","0.24","0.73","0.3","1","0.35","0.73","0.19","0.27","0.65","0.08","0.05","0.03","0.43","0.46","1","0.54"
"Balarab","0.08","1","1","1","0.03","1","1","1","1","0.05","1","1","1","1","1","1","1","1","1","1","1","1","1","1","1","1","1","0.14","1","1","1","1","0.14","1","1","1","1"
"Bamba","0.08","1","1","1","0.05","1","1","0.03","1","1","1","1","1","1","1","1","1","1","1","1","1","1","1","1","1","1","1","1","1","1","1","1","1","1","1","1","1"
"BarkaAdiswha","0.24","1","0.16","1","0.19","1","0.24","1","1","0.03","1","1","1","0.27","1","1","1","1","1","0.08","1","0.05","0.3","1","1","1","0.14","1","1","1","1","1","0.11","1","1","1","1"
"Begasheka","1","1","1","1","1","1","1","1","1","1","1","1","1","1","1","1","1","1","1","1","1","1","1","1","1","1","1","1","1","1","1","1","1","1","1","1","1"
"Berlay","0.11","1","1","0.14","0.19","1","1","1","1","0.08","1","1","1","1","1","1","1","1","1","1","1","0.05","1","1","1","1","1","1","1","1","1","0.16","0.03","1","1","1","1"
"Betgebez","0.14","1","1","1","1","1","1","1","1","1","1","1","1","0.14","1","1","1","1","1","0.16","1","1","0.03","1","1","1","1","1","1","0.05","1","1","0.08","1","1","1","1"
"Bethans","1","1","1","1","1","1","1","1","1","1","1","0.19","1","0.05","1","1","1","1","1","1","1","1","0.08","1","1","1","0.19","1","1","0.03","0.19","1","0.11","1","1","1","1"
"BilbWuha","1","1","1","1","1","1","1","1","1","1","1","1","1","1","1","1","1","1","1","1","1","1","1","1","1","1","1","1","1","1","1","1","1","1","1","1","1"
"Birkutea","1","1","1","1","1","1","1","1","1","1","1","1","1","1","1","1","1","1","1","1","1","1","1","1","1","1","1","1","1","1","1","1","1","1","1","1","1"
"Boneya","1","1","1","1","1","1","1","1","1","1","1","1","1","1","1","1","1","1","1","1","1","1","1","1","1","1","1","1","1","1","1","1","0.03","1","1","1","1"
"Burkoche","0.19","1","1","1","0.03","1","1","1","1","0.14","0.22","1","1","1","1","1","1","0.05","1","1","1","0.11","1","1","1","1","1","0.24","1","1","1","0.16","0.08","1","1","1","1"
"Cheli","0.05","1","1","1","0.03","1","1","1","1","1","1","1","1","1","1","1","1","1","1","1","1","1","1","1","1","1","1","1","1","1","1","1","1","1","1","1","1"
"Darubekeda","1","0.05","1","1","1","1","1","1","1","0.14","0.19","1","0.11","1","1","1","1","1","1","0.16","1","0.08","1","1","1","1","1","1","1","1","1","1","0.05","1","1","1","1"
"Deberkerbye","1","1","1","1","1","1","1","1","1","1","1","1","1","1","1","1","1","1","1","1","1","1","1","1","1","1","1","1","1","1","1","1","1","1","1","1","1"
"DeberAbaJale","1","1","1","1","1","1","1","1","1","1","1","1","1","1","1","1","1","1","1","1","1","1","1","1","1","1","1","1","1","1","1","1","1","1","1","1","1"
"DebrAbay","0.14","1","1","0.08","0.11","1","1","1","1","0.05","1","1","1","1","1","1","1","1","1","1","1","1","1","1","1","1","1","1","1","1","1","1","0.03","1","1","1","1"
"DebreAliays","0.14","1","1","0.08","0.11","1","1","1","1","0.05","1","1","1","1","1","1","1","1","1","1","1","0.19","1","1","0.16","1","1","1","1","1","1","0.22","0.03","1","1","1","1"
"Debrebirhan","0.16","1","1","1","1","1","0.22","0.19","1","0.05","1","1","1","0.32","1","1","1","1","1","0.08","1","0.11","1","1","1","0.3","0.14","0.24","1","1","1","1","0.05","1","1","1","0.27"
"Debrebrhan","0.03","1","1","1","0.11","1","1","0.22","1","0.05","1","1","1","1","1","1","1","0.24","1","0.08","1","0.22","1","1","1","1","0.14","0.16","1","1","1","1","1","1","1","1","1"
"DebreGenet","1","1","1","1","1","1","1","1","1","0.05","1","1","1","1","1","1","1","1","1","1","1","1","1","1","1","1","1","1","1","1","1","1","0.03","1","1","1","1"
"DebreGenetA","0.11","1","1","1","1","1","1","1","1","1","1","0.16","1","0.08","1","1","1","1","1","1","1","1","0.14","1","1","1","1","1","1","0.03","1","1","0.05","1","1","1","1"
"DebreGenetK","1","1","1","1","1","1","1","0.03","1","1","1","1","1","1","1","1","1","1","1","1","1","1","1","1","1","1","1","1","1","1","1","1","1","1","1","1","1"
"DebreGeorgis","0.14","0.57","1","0.35","0.16","1","0.08","1","0.62","0.3","0.46","1","1","0.62","0.54","1","0.43","0.41","1","1","0.32","0.05","0.22","1","0.22","0.3","0.38","0.68","1","0.68","0.24","0.14","0.03","0.51","0.51","1","1"
"DebreKidusan","1","1","1","1","0.08","1","1","1","1","0.05","1","1","1","1","1","1","1","1","1","1","1","1","1","1","1","1","1","1","1","1","1","1","0.03","1","1","1","1"
"Debremawie","1","1","1","0.08","0.11","1","1","1","1","0.05","1","1","1","1","1","1","1","1","1","1","1","1","1","1","1","1","1","1","1","1","1","1","0.03","1","1","1","1"
"Debreselam","0.08","1","1","1","0.16","1","0.22","0.19","1","0.16","1","1","1","1","1","1","1","1","1","0.05","1","0.03","0.3","1","1","1","0.3","0.3","1","1","1","1","0.11","1","1","1","0.32"
"Debrinetseb","1","1","1","1","1","1","1","0.03","1","1","1","1","1","1","1","1","1","1","1","1","1","1","1","1","1","1","1","1","1","1","1","1","1","1","1","1","1"
"Dekera","0.03","1","1","1","0.05","1","1","0.08","1","1","1","1","1","1","1","1","1","1","1","1","1","1","1","1","1","1","1","1","1","1","1","1","1","1","1","1","1"
"DembezaAmbaLay","0.11","1","1","0.08","1","1","1","1","1","0.05","1","1","1","1","1","1","1","1","1","1","1","1","1","1","1","1","1","1","1","1","1","1","0.03","1","1","1","1"
"Derit","0.38","0.46","1","1","0.22","1","1","1","1","0.27","1","0.27","1","0.22","0.3","1","0.38","0.11","0.32","1","1","0.16","0.41","0.11","0.14","1","0.43","1","1","1","1","0.03","0.11","1","1","1","1"
"Derita","1","1","1","1","1","1","1","1","1","1","1","1","1","1","1","1","1","1","1","1","1","1","1","1","1","1","1","1","1","1","1","1","1","1","1","1","1"
"Dinkashena","1","0.03","1","1","1","1","1","1","1","1","1","1","0.11","1","1","1","1","1","1","0.08","1","1","1","1","1","1","1","1","1","1","1","1","0.05","1","1","1","1"
"Ebo","0.41","0.24","0.43","0.51","0.11","1","1","0.41","1","0.16","0.24","1","0.32","0.46","1","1","1","1","0.16","0.05","1","0.24","0.57","1","1","0.11","1","0.3","0.59","0.57","0.3","0.35","0.03","1","1","1","0.49"
"Edagaarbi","1","1","1","1","0.19","1","0.24","1","1","1","1","1","1","0.14","1","1","1","1","1","0.14","1","0.27","0.03","1","1","1","1","0.05","1","0.08","1","0.24","0.16","1","1","1","0.3"
"EmbaAhfrom","0.24","1","1","1","0.19","1","0.22","1","1","1","1","1","1","0.14","1","1","1","1","1","0.14","1","1","0.03","1","1","1","1","0.08","1","0.05","1","1","0.19","1","1","1","0.27"
"EmbachekoGunaguna","1","1","1","1","1","1","1","1","1","1","1","1","1","1","1","1","1","1","1","1","1","1","1","1","1","1","1","1","1","1","1","1","1","1","1","1","1"
"EndaBagerima","1","1","1","1","1","1","1","1","1","1","1","1","1","0.11","1","1","1","1","1","1","1","1","0.05","1","1","1","1","1","1","0.03","1","1","0.08","1","1","1","1"
"Endabano","1","1","1","1","1","1","1","0.03","1","1","1","1","1","1","1","1","1","1","1","1","1","1","1","1","1","1","1","1","1","1","1","1","1","1","1","1","1"
"Endachiwa","0.03","1","1","1","1","1","1","0.05","1","1","1","1","1","1","1","1","1","1","1","0.08","1","1","1","1","1","1","1","1","1","1","1","1","1","1","1","1","1"
"EndaFelasi","0.22","1","0.46","1","0.05","1","1","0.38","1","0.46","0.3","0.41","1","0.24","1","1","1","0.27","1","0.11","1","1","0.08","0.49","0.38","0.32","0.03","1","1","0.14","1","0.19","1","1","0.19","1","1"
"Endagahamus","0.24","0.49","0.46","1","0.11","1","0.38","0.54","1","0.3","0.27","0.38","1","0.19","0.57","1","1","0.32","1","0.14","1","1","0.03","1","0.46","1","0.11","1","1","0.24","1","0.11","0.54","1","0.19","0.46","1"
"Endamariam","0.22","1","1","1","1","1","0.19","1","1","1","1","1","1","0.14","1","1","1","1","1","0.14","1","1","0.05","1","1","1","1","0.19","1","0.03","1","1","0.08","1","1","1","1"
"Erba","0.3","0.14","0.16","0.46","0.05","0.81","0.78","0.86","0.86","0.57","0.27","1","0.27","0.62","0.65","1","1","0.78","0.27","0.19","1","0.32","0.78","0.41","1","0.38","0.49","0.62","0.54","0.78","0.11","0.08","0.03","0.54","0.35","0.78","0.43"
"Esiret","0.08","1","1","1","0.03","1","1","0.08","1","1","1","1","1","1","1","1","1","1","1","1","1","1","1","1","1","1","1","1","1","1","1","1","1","1","1","1","1"
"Estifanos","1","1","1","1","1","1","1","1","1","1","1","1","1","1","1","1","1","1","1","1","1","1","1","1","1","1","1","1","1","1","1","1","1","1","1","1","1"
"Fala","1","0.05","0.19","1","0.16","1","1","1","1","1","1","1","0.11","1","1","1","1","1","1","0.16","1","0.11","1","1","1","1","1","1","1","1","1","0.22","0.03","1","1","1","1"
"Felegehiwot","1","1","1","1","0.08","1","1","1","1","0.05","1","1","1","1","1","1","1","1","1","1","1","1","1","1","1","1","1","1","1","1","1","1","0.03","1","1","1","1"
"FelegeWayane","0.51","1","1","0.51","0.41","1","0.19","0.3","1","0.11","1","1","1","0.24","0.11","1","1","0.46","1","0.11","1","0.14","0.22","0.11","0.43","1","0.32","1","1","0.35","0.38","0.3","0.16","1","1","1","1"
"FikreAlem","0.05","0.22","0.3","1","0.08","1","0.32","0.11","1","0.03","1","1","0.41","1","1","1","1","0.41","1","0.16","0.41","0.19","0.16","1","1","0.3","1","0.24","1","1","1","1","1","1","1","1","1"
"Filatako","0.32","1","1","1","0.22","1","1","1","1","0.24","1","0.3","1","0.19","0.3","1","1","0.11","1","1","1","0.11","1","0.16","0.14","1","1","1","1","1","1","0.05","0.03","1","1","1","1"
"Gebsit","1","1","1","1","0.05","1","1","1","1","1","1","1","1","1","1","1","1","1","1","1","1","1","1","1","1","1","1","1","1","1","1","1","0.03","1","1","1","1"
"Gedayasu","1","1","1","1","0.05","1","1","1","1","1","1","1","1","1","1","1","1","1","1","1","1","1","1","1","1","1","1","1","1","1","1","1","0.03","1","1","1","1"
"GelaMatebiya","1","1","1","1","1","1","1","1","1","0.03","1","1","1","1","1","1","1","1","1","1","1","1","1","1","1","1","1","1","1","1","1","1","1","1","1","1","1"
"Gendebta","0.14","1","1","1","0.16","1","1","1","1","1","1","1","1","0.08","1","1","1","1","1","1","1","1","0.05","1","1","1","1","1","1","0.03","1","1","0.11","1","1","1","1"
"Geneti","0.41","0.05","0.27","0.49","0.11","1","1","1","1","0.38","0.35","1","0.19","0.54","1","1","1","1","0.19","0.08","1","0.27","0.46","1","1","0.32","1","0.32","0.59","0.51","0.27","0.19","0.03","1","0.59","1","0.46"
"Genfel","0.08","1","1","1","0.19","1","0.32","0.16","1","0.08","1","1","1","0.24","1","1","1","0.24","1","0.16","1","0.03","0.35","1","1","1","0.11","0.3","1","1","1","1","0.3","1","1","1","1"
"Gera","1","1","1","1","1","1","1","0.03","1","1","1","1","1","1","1","1","1","1","1","1","1","1","1","1","1","1","1","1","1","1","1","1","1","1","1","1","1"
"Gerjale","0.27","0.05","0.38","0.38","0.14","0.76","0.57","1","0.76","0.46","0.51","1","0.19","1","0.76","1","1","0.65","0.19","0.38","0.65","0.22","1","1","1","0.38","0.65","0.24","0.43","0.76","0.11","0.11","0.03","0.54","0.51","1","0.43"
"GetskiMilesiley","1","1","1","1","1","1","1","0.03","1","1","1","1","1","1","1","1","1","1","1","1","1","1","1","1","1","1","1","1","1","1","1","1","1","1","1","1","1"
"Gijet","0.03","1","1","1","1","1","1","0.08","1","1","1","1","1","1","1","1","1","1","1","0.08","1","1","1","1","1","1","1","1","1","1","1","1","1","1","1","1","1"
"Ginaza","1","1","1","1","1","1","1","1","1","1","1","1","1","1","1","1","1","1","1","1","1","1","1","1","1","1","1","1","1","1","1","1","1","1","1","1","1"
"Golgolemalee","1","1","0.24","1","0.16","1","0.22","0.16","1","0.03","1","1","1","1","1","1","1","1","1","0.08","1","0.05","1","1","1","1","0.19","1","1","1","1","1","0.11","1","1","1","1"
"Goshedur","1","1","1","1","1","1","1","1","1","0.05","1","1","1","1","1","1","1","1","1","1","1","1","1","1","1","1","1","1","1","1","1","1","0.03","1","1","1","1"
"Goza","1","1","1","1","1","1","1","1","1","1","1","1","1","1","1","1","1","1","1","1","1","1","1","1","1","1","1","1","1","1","1","1","1","1","1","1","1"
"Grwre","1","1","1","1","1","1","1","1","1","1","1","1","1","1","1","1","1","1","1","1","1","1","1","1","1","1","1","1","1","1","1","1","1","1","1","1","1"
"GuemseAgamet","0.11","1","0.24","1","0.38","1","0.19","0.32","1","0.08","1","1","1","0.32","1","1","1","0.27","1","0.03","1","0.19","0.38","1","1","1","0.14","1","1","1","1","1","0.08","1","1","1","0.22"
"Guroro","1","1","1","1","1","1","1","0.03","1","1","1","1","1","1","1","1","1","1","1","1","1","1","1","1","1","1","1","1","1","1","1","1","1","1","1","1","1"
"Guya","1","1","1","1","1","1","1","0.03","1","1","1","1","1","1","1","1","1","1","1","1","1","1","1","1","1","1","1","1","1","1","1","1","1","1","1","1","1"
"Habees","0.22","1","0.19","1","0.19","1","0.24","1","1","0.03","1","1","1","0.27","1","1","1","1","1","0.08","1","0.05","1","1","1","1","0.14","1","1","1","1","1","0.14","1","1","1","1"
"Hadashtekli","0.03","1","1","1","1","1","1","1","1","1","1","1","1","1","1","1","1","1","1","1","1","1","1","1","1","1","1","1","1","1","1","1","1","1","1","1","1"
"HadeAlga","0.32","0.11","0.16","0.3","0.05","0.76","0.7","1","0.78","0.49","0.3","1","0.3","0.59","1","1","1","0.62","0.3","0.14","0.76","0.38","0.57","0.65","1","0.35","1","0.51","0.57","0.43","0.19","0.11","0.03","1","0.43","0.68","0.46"
"HadnetK","0.08","1","1","1","0.14","1","1","0.11","1","0.03","1","1","1","1","1","1","1","0.22","1","0.16","0.3","0.05","0.27","1","1","1","0.19","0.24","1","1","1","1","1","1","1","1","1"
"HadnetS","0.14","0.49","0.3","1","0.35","1","0.24","0.27","1","0.11","1","0.49","1","1","1","1","1","1","1","0.03","1","0.11","0.19","1","1","0.35","0.22","0.49","1","0.49","1","0.49","0.11","1","1","1","0.16"
"HadushAdi","0.16","0.43","0.38","1","0.51","1","0.24","0.43","1","0.14","1","1","1","0.32","1","1","1","1","1","0.03","1","0.14","0.22","0.14","1","0.51","0.3","1","1","0.46","0.27","0.35","0.14","1","1","1","0.22"
"HadushHiwet","0.19","0.51","0.24","1","0.41","1","0.16","0.3","1","0.05","1","1","1","0.35","1","1","1","1","1","0.16","1","0.08","0.16","1","1","1","0.51","0.41","0.46","0.27","0.46","0.35","0.05","1","1","1","0.22"
"HagereGenet","0.08","1","1","0.14","0.11","1","1","1","1","0.05","1","1","1","1","1","1","1","1","1","1","1","1","1","1","1","1","1","1","1","1","1","1","0.03","1","1","1","1"
"HagereSelamE","0.08","1","1","0.11","0.14","1","1","1","1","0.05","1","1","1","1","1","1","1","1","1","1","1","1","1","1","1","1","1","1","1","1","1","1","0.03","1","1","1","1"
"HagereSelamW","0.03","0.22","1","1","0.11","1","0.3","0.11","1","0.14","1","1","1","1","1","1","1","0.32","1","0.16","0.24","0.27","0.05","1","1","1","1","0.19","1","1","1","1","1","1","1","1","1"
"Hangoda","0.14","0.49","0.3","1","0.35","1","0.24","0.27","1","0.11","1","0.49","1","1","1","1","1","1","1","0.03","1","0.11","0.19","1","1","0.35","0.22","0.49","1","0.49","1","0.49","0.11","1","1","1","0.16"
"Hareko","0.08","1","1","1","0.08","1","0.16","0.19","1","0.14","1","1","1","1","1","1","1","1","1","0.11","1","0.22","0.03","1","1","1","1","1","1","1","1","1","1","1","1","1","1"
"Hawelti","0.43","0.19","0.27","0.51","0.14","0.62","1","0.46","1","0.11","0.05","1","0.38","0.57","1","1","1","0.59","0.16","0.08","1","0.3","0.57","1","1","0.22","1","0.32","1","0.41","0.38","0.24","0.03","1","1","1","0.49"
"Hayelom","0.05","1","1","1","0.11","1","0.3","0.24","1","0.08","1","1","1","1","1","1","1","1","1","0.03","1","0.14","0.24","1","1","1","0.16","0.24","1","1","1","1","0.3","1","1","1","1"
"Hintsa","0.03","1","1","1","0.05","1","1","0.08","1","1","1","1","1","1","1","1","1","1","1","1","1","1","1","1","1","1","1","1","1","1","1","1","1","1","1","1","1"
"HintsaWaza","0.03","1","1","1","0.05","1","1","1","1","1","1","1","1","1","1","1","1","1","1","1","1","1","1","1","1","1","1","1","1","1","1","1","1","1","1","1","1"
"HizbaTeklehymanot","0.35","0.16","0.3","0.46","0.19","1","1","1","1","0.27","0.35","1","0.08","1","1","1","1","1","1","0.03","1","0.11","0.57","1","1","0.24","1","0.14","0.51","0.51","0.41","0.22","0.05","1","0.46","0.57","0.38"
"ImbaRufael","0.08","1","1","1","0.05","1","1","0.03","1","1","1","1","1","1","1","1","1","1","1","1","1","1","1","1","1","1","1","1","1","1","1","1","1","1","1","1","1"
"Jijqe","1","1","1","1","1","1","1","0.03","1","1","1","1","1","1","1","1","1","1","1","1","1","1","1","1","1","1","1","1","1","1","1","1","1","1","1","1","1"
"JimanDeregeha","1","1","1","1","1","1","1","1","1","1","1","1","1","1","1","1","1","1","1","1","1","1","1","1","1","1","1","1","1","1","1","1","1","1","1","1","1"
"Jira","1","1","1","1","1","1","1","1","1","1","1","1","1","1","1","1","1","1","1","1","1","1","1","1","1","1","1","1","1","1","1","1","1","1","1","1","1"
"kabe","1","1","1","1","1","1","1","1","1","1","1","1","1","1","1","1","1","1","1","1","1","1","1","1","1","1","1","1","1","1","1","1","1","1","1","1","1"
"Karima","1","1","1","1","1","1","1","1","1","1","1","1","1","1","1","1","1","1","1","1","1","1","1","1","1","1","1","1","1","1","1","1","0.03","1","1","1","1"
"Keregna","1","1","1","1","1","1","1","1","1","1","1","1","1","1","1","1","1","1","1","1","1","1","1","1","1","1","1","1","1","1","1","1","1","1","1","1","1"
"Kihen","0.05","1","1","1","0.11","1","1","0.14","1","0.05","1","1","1","1","1","1","1","0.19","1","0.19","0.22","0.08","0.3","1","1","0.32","0.24","0.27","1","1","1","1","1","1","1","1","1"
"Kita","0.22","1","1","1","0.08","1","1","1","1","0.05","0.24","1","1","1","1","1","1","1","1","0.14","1","0.19","1","1","1","1","0.19","0.11","1","1","1","1","0.03","1","1","1","1"
"Korme","0.3","0.14","0.38","0.41","0.05","0.65","0.81","0.76","0.81","0.57","0.65","1","0.22","1","0.65","1","1","0.68","0.22","0.16","1","0.27","1","0.38","1","0.43","0.54","0.46","0.49","0.76","0.14","0.08","0.03","0.27","0.38","0.76","0.54"
"Ksadacki","1","1","1","1","1","1","1","1","1","1","1","1","1","1","1","1","1","1","1","1","1","1","1","1","1","1","1","1","1","1","1","1","1","1","1","1","1"
"Kudo","0.24","1","1","1","0.14","1","0.19","1","1","1","1","1","1","0.11","1","1","1","1","1","0.11","1","1","0.03","1","1","1","1","0.19","1","0.05","1","1","0.24","1","1","1","1"
"Kuluferha","1","1","1","1","1","1","1","1","1","0.05","1","1","1","1","1","1","1","1","1","1","1","1","0.05","1","1","1","1","1","1","1","1","1","1","1","1","1","1"
"KuluGizeLemlem","0.3","0.11","0.35","0.3","0.08","0.57","1","1","1","0.46","1","1","0.22","1","1","1","1","0.59","0.22","0.32","1","0.22","1","0.41","1","0.38","0.54","0.24","0.43","1","0.14","0.05","0.03","1","0.51","1","0.49"
"LaelayDayu","0.3","0.11","0.35","0.3","0.08","0.57","1","1","1","0.46","1","1","0.22","1","1","1","1","0.59","0.22","0.32","1","0.22","1","0.41","1","0.38","0.54","0.24","0.43","1","0.14","0.05","0.03","1","0.51","1","0.49"
"Laelayhahaile","0.19","1","1","1","1","1","1","1","1","1","1","1","1","0.14","1","1","1","1","1","0.08","1","1","0.03","1","1","1","1","0.16","1","0.05","1","1","0.14","1","1","1","1"
"LaelayMegariaTsemri","0.16","1","1","1","1","1","1","1","1","1","1","1","1","0.08","1","1","1","1","1","0.16","1","1","0.03","1","1","1","1","1","1","0.05","1","1","0.11","1","1","1","1"
"Lalaylogomti","0.08","1","1","1","1","1","1","1","1","1","1","1","1","0.11","1","1","1","1","1","1","1","1","1","1","1","1","1","1","1","0.05","1","1","0.03","1","1","1","1"
"Ledy","1","1","1","1","1","1","1","1","1","1","1","1","1","1","1","1","1","1","1","1","1","1","1","1","1","1","1","1","1","1","1","1","0.03","1","1","1","1"
"Lemlem","0.03","1","1","1","1","1","1","0.05","1","1","1","1","1","1","1","1","1","1","1","1","1","1","1","1","1","1","1","1","1","1","1","1","1","1","1","1","1"
"LemlemArena","0.05","1","1","1","0.03","1","0.11","0.11","1","0.16","1","1","1","1","1","1","1","1","1","0.14","1","1","1","1","1","1","1","1","1","1","1","1","1","1","1","1","1"
"Libo ","1","1","1","1","1","1","1","1","1","1","1","1","1","1","1","1","1","1","1","1","1","1","1","1","1","1","1","1","1","1","1","1","1","1","1","1","1"
"Limaat","0.22","0.11","0.32","0.3","0.11","0.59","1","0.57","1","0.46","1","1","0.19","1","1","1","1","1","1","0.35","1","0.14","1","0.41","1","0.41","1","0.24","0.27","0.57","0.16","0.05","0.03","0.43","0.49","1","0.51"
"Limat","1","1","1","1","1","1","1","1","1","1","1","1","1","1","1","1","1","1","1","1","1","1","1","1","1","1","1","1","1","1","1","1","1","1","1","1","1"
"Lul","0.08","1","1","0.11","0.16","1","1","1","1","0.05","1","1","1","1","1","1","1","1","1","1","1","1","1","1","0.16","1","1","1","1","1","1","1","0.03","1","1","1","1"
"LusinaAbegeldi","1","1","1","1","1","1","1","1","1","0.03","1","1","1","1","1","1","1","1","1","1","1","1","1","1","1","1","1","1","1","1","1","1","1","1","1","1","1"
"Maekelawi","0.24","0.49","0.46","1","0.11","1","0.38","0.54","1","0.3","0.27","0.38","1","0.19","0.57","1","1","0.32","1","0.14","1","1","0.03","1","0.46","1","0.11","1","1","0.24","1","0.11","0.54","1","0.19","0.46","1"
"MaekelSegli","1","1","1","1","0.19","1","1","1","1","1","0.24","1","1","0.24","1","1","1","0.19","1","0.14","1","1","1","1","1","0.05","0.03","1","1","0.08","1","1","1","1","0.14","1","1"
"MahbereWeyni","0.22","1","1","1","0.11","1","0.32","0.3","1","0.05","1","1","1","0.24","1","1","1","0.14","1","0.19","1","0.03","0.3","1","1","1","0.08","0.19","1","1","1","1","1","1","1","1","1"
"MariamShewito","1","1","1","1","1","1","1","1","1","1","1","1","1","0.11","1","1","1","1","1","1","1","1","0.08","1","1","1","1","1","1","0.03","1","1","0.08","1","1","1","1"
"Martadios","1","1","1","1","1","1","1","1","1","1","1","1","1","1","1","1","1","1","1","1","1","1","1","1","1","1","1","1","1","1","1","1","1","1","1","1","1"
"MayChekemte","0.03","1","1","1","1","1","1","0.11","1","1","1","1","1","0.11","1","1","1","1","1","0.05","1","1","0.16","1","1","1","1","1","1","1","1","1","0.16","1","1","1","1"
"MayNebri","0.08","1","1","1","0.19","1","0.27","0.19","1","1","1","1","1","0.19","1","1","1","1","1","0.05","1","1","0.03","1","1","1","1","0.19","1","0.24","1","1","0.22","1","1","1","1"
"Maysuru","0.22","1","1","1","1","1","0.19","1","1","1","1","1","1","0.08","1","1","1","1","1","0.11","1","1","0.03","1","1","1","1","0.16","1","0.05","1","1","0.16","1","1","1","1"
"MayTeklia","0.03","1","1","1","0.11","1","1","0.05","1","0.08","1","1","1","1","1","1","1","1","1","1","1","1","1","1","1","1","1","1","1","1","1","1","1","1","1","1","1"
"Mearey","0.03","1","1","1","1","1","1","1","1","1","1","1","1","1","1","1","1","1","1","1","1","1","1","1","1","1","1","1","1","1","1","1","1","1","1","1","1"
"Mechare","0.3","0.05","0.14","0.24","0.08","0.65","0.73","0.73","0.78","0.49","0.24","1","0.24","0.73","1","1","1","0.62","1","0.14","0.78","0.38","0.57","0.46","1","0.32","1","0.57","0.57","0.35","0.24","0.27","0.03","1","0.43","0.62","0.41"
"Mechena","1","1","1","1","1","1","1","1","1","1","1","1","1","1","1","1","1","1","1","1","1","1","1","1","1","1","1","1","1","1","1","1","1","1","1","1","1"
"MehalGoncha","1","1","1","1","0.14","1","1","1","1","0.08","1","1","1","1","1","1","1","1","1","1","1","0.05","1","1","1","1","1","1","1","1","1","0.11","0.03","1","1","1","1"
"Mekan ","0.46","0.03","0.27","0.59","0.22","1","1","1","1","0.14","0.32","1","0.14","0.41","1","1","1","1","1","0.08","1","0.16","0.54","0.57","1","0.41","1","0.24","0.49","0.22","0.35","0.3","0.05","1","0.54","0.62","0.43"
"MekaneGenet","1","1","1","1","1","1","1","1","1","0.05","1","1","1","1","1","1","1","1","1","1","1","0.08","1","1","1","1","1","1","1","1","1","1","0.03","1","1","1","1"
"Melabesh","0.14","1","1","0.19","0.19","1","0.22","0.41","1","0.14","0.41","1","1","1","1","1","0.32","1","1","1","0.41","0.3","1","1","0.08","1","0.27","1","1","1","0.24","0.08","0.03","1","1","1","1"
"MendereMariam","1","1","1","1","1","1","1","1","1","1","1","1","1","1","1","1","1","1","1","1","1","1","1","1","1","1","1","1","1","1","1","1","1","1","1","1","1"
"Menegobena","1","1","1","1","1","1","1","1","1","1","1","1","1","1","1","1","1","1","1","1","1","1","1","1","1","1","1","1","1","1","1","1","0.03","1","1","1","1"
"Menji","1","1","1","1","1","1","1","1","1","1","1","1","1","1","1","1","1","1","1","1","1","1","1","1","1","1","1","1","1","1","1","1","1","1","1","1","1"
"Mergech","1","1","1","1","1","1","1","1","1","1","1","1","1","1","1","1","1","1","1","1","1","1","1","1","1","1","1","1","1","1","1","1","0.03","1","1","1","1"
"Mesanu","0.08","1","1","1","0.14","1","0.32","0.16","1","0.03","1","1","1","0.35","1","1","1","0.24","1","0.14","1","0.05","0.24","1","1","1","0.24","0.32","1","1","1","1","0.27","1","1","0.38","1"
"Mesehle","1","1","1","1","1","1","1","1","1","1","1","1","1","1","1","1","1","1","1","1","1","1","0.03","1","1","1","1","1","1","1","1","1","1","1","1","1","1"
"Meswaeti ","0.41","0.05","0.08","0.51","0.3","0.65","0.65","1","1","0.32","0.38","1","0.14","0.57","1","1","1","1","1","0.11","1","0.16","0.51","0.57","1","0.24","1","0.19","0.38","0.24","0.51","0.27","0.03","1","0.59","1","0.51"
"Metkel","0.03","0.22","1","1","0.08","1","1","0.14","1","0.14","1","1","1","1","1","1","1","1","1","0.16","0.27","0.27","1","1","1","1","1","0.05","1","0.22","1","1","1","1","1","1","1"
"MetkelLemat","0.05","1","1","1","0.05","1","1","1","1","1","1","1","1","1","1","1","1","1","1","1","1","1","1","1","1","1","1","1","1","1","1","1","1","1","1","1","1"
"Mezbr","0.16","1","1","1","1","1","1","1","1","1","1","0.14","1","0.11","1","1","1","1","1","1","1","1","0.05","1","1","1","1","1","1","0.03","1","1","0.08","1","1","1","1"
"MichelDebre","1","1","1","1","1","1","1","1","1","1","1","1","1","1","1","1","1","1","1","1","1","1","1","1","1","1","1","1","1","1","1","1","1","1","1","1","1"
"Miraf","0.05","1","1","1","1","1","1","1","1","1","1","1","1","1","1","1","1","1","1","1","1","1","1","1","1","1","1","1","1","1","1","1","0.03","1","1","1","1"
"Misema","1","1","1","1","1","1","1","1","1","1","1","1","1","1","1","1","1","1","1","1","1","1","1","1","1","1","1","1","1","1","1","1","1","1","1","1","1"
"Mitad","1","1","1","1","1","1","1","1","1","1","1","1","1","1","1","1","1","1","1","1","1","1","1","1","1","1","1","1","1","1","1","1","1","1","1","1","1"
"MitinaYimach","0.14","1","1","0.22","0.19","1","1","1","1","0.05","1","1","1","1","0.19","1","1","0.24","1","1","1","0.11","1","1","1","1","1","1","1","1","1","0.08","0.03","1","1","1","1"
"Mozen","1","1","1","1","1","1","1","1","1","1","1","1","1","1","1","1","1","1","1","1","1","1","1","1","1","1","1","1","1","1","1","1","0.03","1","1","1","1"
"Mozutey","0.16","1","0.41","1","1","1","0.35","0.3","1","0.03","1","1","1","1","1","1","1","0.43","1","0.05","1","0.14","0.14","1","0.35","0.41","0.22","0.19","1","0.46","1","0.27","0.14","1","1","1","0.27"
"Mtsaiwerki","1","1","1","1","1","1","1","0.03","1","1","1","1","1","1","1","1","1","1","1","1","1","1","1","1","1","1","1","1","1","1","1","1","1","1","1","1","1"
"Nagash","0.11","1","0.27","1","0.35","1","0.38","0.24","1","0.05","1","1","1","0.24","1","1","1","1","1","0.08","1","0.05","1","1","1","1","0.16","0.35","1","0.35","1","1","0.14","1","1","1","0.24"
"Nebarhadinet","0.03","1","1","1","1","1","1","1","1","1","1","1","1","1","1","1","1","1","1","1","1","1","1","1","1","1","1","1","1","1","1","1","1","1","1","1","1"
"Nefasit","1","1","1","1","1","1","1","1","1","0.05","1","1","1","1","1","1","1","1","1","1","1","1","0.03","1","1","1","1","1","1","1","1","1","1","1","1","1","1"
"Negedebrhan","1","1","1","1","1","1","1","1","1","1","1","1","1","1","1","1","1","1","1","1","1","1","1","1","1","1","1","1","1","1","1","1","1","1","1","1","1"
"Niquara","0.16","1","1","1","0.05","1","1","1","1","0.03","0.19","1","1","1","1","1","1","1","1","0.24","1","0.16","1","1","1","1","1","0.11","1","1","1","0.22","0.11","1","1","1","1"
"Qoraro","0.08","1","1","1","0.03","1","1","1","1","1","1","1","1","1","1","1","1","1","1","0.05","1","1","1","1","1","1","1","1","1","1","1","1","1","1","1","1","1"
"RubaFelege","1","1","1","0.16","0.27","1","0.22","0.19","1","0.05","1","1","1","1","0.05","1","1","1","1","0.08","1","0.11","1","1","1","1","0.24","1","1","1","1","1","0.14","1","1","1","1"
"Santa gelebeda","1","1","1","1","0.03","1","1","1","1","1","1","1","1","1","1","1","1","1","1","0.05","1","1","1","1","1","1","1","1","1","1","1","1","1","1","1","1","1"
"SaratYerawoch","0.27","1","1","0.32","0.11","1","1","1","1","0.08","1","1","1","1","0.22","1","0.24","0.16","1","1","1","0.22","1","0.14","0.3","1","1","1","1","1","1","0.05","0.03","1","1","1","1"
"Sefo","0.19","1","1","1","0.22","1","0.24","1","1","1","1","1","1","0.16","1","1","1","1","1","0.16","1","1","0.03","1","1","1","1","0.08","1","0.05","1","1","0.11","1","1","1","1"
"Segena","0.24","1","1","1","0.19","1","1","1","1","0.11","1","1","1","1","0.22","1","1","0.19","1","1","1","0.05","1","0.19","0.27","1","1","1","1","1","1","0.11","0.03","1","1","1","1"
"Seka","1","1","1","1","1","1","1","1","1","1","1","1","1","1","1","1","1","1","1","1","1","1","1","1","1","1","1","1","1","1","1","1","1","1","1","1","1"
"Selamaya","1","1","1","1","1","1","1","1","1","1","1","1","1","1","1","1","1","1","1","1","1","1","1","1","1","1","1","1","1","1","1","1","1","1","1","1","1"
"SelamBekalsi","0.22","0.11","0.32","0.3","0.11","0.59","1","0.57","1","0.46","1","1","0.19","1","1","1","1","1","1","0.35","1","0.14","1","0.41","1","0.41","1","0.24","0.27","0.57","0.16","0.05","0.03","0.43","0.49","1","0.51"
"Selamber","0.11","1","1","0.08","0.14","1","1","1","1","0.05","0.22","1","1","1","1","1","1","1","1","1","1","1","1","1","0.16","1","1","1","1","1","1","0.22","0.03","1","1","1","1"
"SelamgieAmbarie","0.27","1","1","1","0.11","1","1","1","1","0.22","1","1","1","1","0.24","1","0.3","0.16","1","1","1","0.14","1","0.08","0.19","1","1","1","1","1","1","0.08","0.03","1","1","1","1"
"SelamH","0.08","1","1","1","1","1","0.19","0.22","1","0.03","1","1","1","1","1","1","1","1","1","0.08","1","0.14","1","1","1","0.3","0.16","0.27","1","1","1","1","0.14","1","1","1","0.24"
"SelamW","0.03","1","1","1","1","1","1","0.08","1","1","1","1","1","1","1","1","1","1","1","1","1","1","1","1","1","1","1","1","1","0.05","1","1","1","1","1","1","1"
"Selelkula","0.05","1","1","1","1","1","1","1","1","1","1","1","1","1","1","1","1","1","1","1","1","1","1","1","1","1","1","1","1","1","1","1","0.03","1","1","1","1"
"SelenWuha","0.19","0.11","0.3","0.35","0.08","0.57","0.62","0.41","1","0.46","1","1","0.43","1","0.49","1","1","1","1","0.35","1","0.16","1","0.68","1","0.41","0.59","0.24","0.27","0.57","0.14","0.05","0.03","0.22","0.57","0.7","0.68"
"Seloda","0.11","1","1","1","1","1","1","1","1","1","1","1","1","0.14","1","1","1","1","1","1","1","1","0.08","1","1","1","1","1","1","0.03","1","1","0.05","1","1","1","1"
"Sendada","0.3","1","0.19","1","0.38","1","0.22","0.16","1","0.03","1","1","1","0.43","1","1","1","1","1","0.05","0.38","0.11","0.3","1","1","1","0.14","0.43","1","0.38","1","1","0.08","1","1","1","0.24"
"Serawudi","1","1","1","1","1","1","1","1","1","1","1","1","1","1","1","1","1","1","1","1","1","1","1","1","1","1","1","1","1","1","1","1","1","1","1","1","1"
"Seret","0.11","0.11","0.3","1","0.03","1","1","0.22","1","0.19","1","1","0.16","1","1","1","1","1","1","0.05","1","0.14","1","1","1","1","1","0.3","1","1","1","1","0.3","1","1","1","1"
"Sero","0.22","1","1","1","0.24","1","0.27","1","1","1","1","1","1","0.08","1","1","1","1","1","0.19","1","0.14","0.03","1","1","1","1","0.19","1","0.05","1","1","0.14","1","1","1","1"
"Shamo","1","1","1","1","1","1","1","1","1","1","1","1","1","1","1","1","1","1","1","1","1","1","1","1","1","1","1","1","1","1","1","1","1","1","1","1","1"
"ShehochTehara","1","1","1","1","1","1","1","1","1","1","1","1","1","1","1","1","1","1","1","1","1","1","1","1","1","1","1","1","1","1","1","1","1","1","1","1","1"
"Shekatekli","0.03","1","1","1","1","1","1","1","1","1","1","1","1","1","1","1","1","1","1","1","1","1","1","1","1","1","1","1","1","1","1","1","1","1","1","1","1"
"Shunge","1","1","1","1","1","1","1","1","1","1","1","1","1","1","1","1","1","1","1","1","1","1","1","1","1","1","1","1","1","1","1","1","1","1","1","1","1"
"Simret","0.24","1","1","1","0.19","1","0.3","1","1","1","1","1","1","0.19","1","1","1","1","1","0.08","1","0.03","0.05","1","1","0.3","1","0.22","0.35","0.14","0.38","1","0.14","1","1","1","0.32"
"SimretS","0.46","0.05","0.08","0.51","0.19","0.65","0.65","1","1","0.35","0.32","1","0.16","0.49","1","1","1","1","1","0.11","1","0.24","0.43","1","1","0.24","1","0.32","0.54","0.16","0.41","0.27","0.03","1","0.57","0.59","0.38"
"SimretT","1","1","1","1","1","1","1","0.03","1","1","1","1","1","1","1","1","1","1","1","1","1","1","1","1","1","1","1","1","1","1","1","1","1","1","1","1","1"
"Sinkata","0.11","1","0.24","1","0.38","1","0.19","0.32","1","0.08","1","1","1","0.32","1","1","1","0.27","1","0.03","1","0.19","0.38","1","1","1","0.14","1","1","1","1","1","0.08","1","1","1","0.22"
"Siye","1","1","1","1","1","1","1","0.03","1","1","1","1","1","1","1","1","1","1","1","1","1","1","1","1","1","1","1","1","1","1","1","1","1","1","1","1","1"
"Smret","1","1","1","1","1","1","1","0.03","1","1","1","1","1","1","1","1","1","1","1","1","1","1","1","1","1","1","1","1","1","1","1","1","1","1","1","1","1"
"Sorya","0.19","0.05","0.41","0.35","0.08","1","1","0.35","1","0.3","0.19","1","0.27","1","1","1","1","1","1","0.14","1","0.11","1","1","1","1","1","0.22","0.27","1","1","0.41","0.03","1","1","1","1"
"Suha","1","1","1","1","1","1","1","1","1","1","1","1","1","1","1","1","1","1","1","1","1","1","1","1","1","1","1","1","1","1","1","1","0.03","1","1","1","1"
"Tahtayhaya","0.41","0.05","0.08","0.51","0.3","0.65","0.65","1","1","0.32","0.38","1","0.14","0.57","1","1","1","1","1","0.11","1","0.16","0.51","0.57","1","0.24","1","0.19","0.38","0.24","0.51","0.27","0.03","1","0.59","1","0.51"
"TahtayDaeroka","0.19","1","1","1","1","1","0.19","1","1","1","1","1","1","0.14","1","1","1","1","1","0.08","1","1","0.03","1","1","1","1","0.22","1","0.05","1","1","0.14","1","1","1","1"
"TahtayLegomti","0.08","1","1","1","1","1","1","0.11","1","1","1","1","1","0.14","1","1","1","1","1","1","1","1","1","1","1","1","1","1","1","0.03","1","1","0.08","1","1","1","1"
"TahtayMegariaTsebri","0.16","1","1","1","1","1","1","1","1","1","1","1","1","0.08","1","1","1","1","1","0.16","1","1","0.03","1","1","1","1","1","1","0.05","1","1","0.11","1","1","1","1"
"Tao","0.27","0.05","0.38","0.38","0.14","0.76","0.57","1","0.76","0.46","0.51","1","0.19","1","0.76","1","1","0.65","0.19","0.38","0.65","0.22","1","1","1","0.38","0.65","0.24","0.43","0.76","0.11","0.11","0.03","0.54","0.51","1","0.43"
"TaraGedam","1","1","1","1","1","1","1","1","1","1","1","1","1","1","1","1","1","1","1","1","1","1","1","1","1","1","1","1","1","1","1","1","1","1","1","1","1"
"TaraSenba","1","1","1","1","1","1","1","1","1","1","1","1","1","1","1","1","1","1","1","1","1","1","1","1","1","1","1","1","1","1","1","1","1","1","1","1","1"
"Tekea","0.38","0.16","0.38","0.51","0.24","1","1","0.57","1","0.27","1","1","0.22","0.51","1","1","1","1","1","0.03","1","0.14","0.43","1","1","0.08","1","0.19","1","0.32","0.14","0.3","0.05","1","0.51","0.54","0.41"
"Tekleweyni","1","1","1","1","1","1","1","1","1","1","1","1","1","1","1","1","1","1","1","1","1","1","1","1","1","1","1","1","1","1","1","1","1","1","1","1","1"
"Tetatiro","1","1","1","1","1","1","1","1","1","1","1","1","1","1","1","1","1","1","1","1","1","1","1","1","1","1","1","1","1","1","1","1","0.03","1","1","1","1"
"Tibaga","1","1","1","1","1","1","1","1","1","1","1","1","1","1","1","1","1","1","1","1","1","1","1","1","1","1","1","1","1","1","1","1","1","1","1","1","1"
"Tigage","0.19","1","1","1","0.03","1","1","1","1","0.08","0.14","1","1","1","1","1","1","0.24","1","0.27","1","0.11","1","1","1","1","0.3","0.24","1","1","1","0.16","0.05","1","1","1","1"
"Tsae","1","1","1","1","0.03","1","1","1","1","1","1","1","1","1","1","1","1","1","1","1","1","1","1","1","1","1","1","1","1","1","1","1","1","1","1","1","1"
"Tsetsera","0.3","0.11","0.24","0.38","0.03","1","1","0.43","1","0.22","0.38","1","0.19","1","1","1","1","1","1","0.16","1","0.14","1","1","1","0.3","1","0.41","0.38","1","0.46","0.08","0.05","1","1","1","1"
"Tseykeme","1","1","1","1","1","1","1","0.03","1","1","1","1","1","1","1","1","1","1","1","1","1","1","1","1","1","1","1","1","1","1","1","1","1","1","1","1","1"
"Tsigea","0.41","0.05","0.27","0.49","0.11","1","1","1","1","0.38","0.35","1","0.19","0.54","1","1","1","1","0.19","0.08","1","0.27","0.46","1","1","0.32","1","0.32","0.59","0.51","0.27","0.19","0.03","1","0.59","1","0.46"
"Ulaga","0.24","0.05","0.49","0.43","0.11","0.54","0.54","1","0.76","0.57","0.65","1","0.24","1","0.59","1","1","0.68","0.24","0.27","1","0.24","0.81","0.32","1","0.43","0.76","0.32","0.35","0.81","0.14","0.08","0.03","0.46","0.38","0.76","0.65"
"Wargba","0.38","0.08","0.14","0.49","0.11","1","1","1","1","0.22","0.32","1","0.22","0.51","1","1","1","1","1","0.16","1","0.27","0.43","1","1","0.27","1","0.38","0.54","0.41","0.3","0.05","0.03","1","1","1","0.49"
"Wariba","1","1","1","1","1","1","1","1","1","1","1","1","1","1","1","1","1","1","1","1","1","1","1","1","1","1","1","1","1","1","1","1","1","1","1","1","1"
"Wedikeshi","0.14","1","1","1","1","1","1","1","1","1","1","1","1","0.14","1","1","1","1","1","1","1","1","0.08","1","1","1","1","1","1","0.03","1","1","0.05","1","1","1","1"
"Werabaye","0.32","0.05","0.14","0.51","0.11","0.73","0.65","0.76","1","0.41","0.38","1","0.3","0.59","0.7","1","1","1","0.27","0.16","1","0.51","0.51","0.57","1","0.24","1","0.35","0.54","0.19","0.22","0.08","0.03","1","0.65","0.7","0.43"
"Werkamba","1","1","1","1","1","1","1","0.03","1","1","1","1","1","1","1","1","1","1","1","1","1","1","1","1","1","1","1","1","1","1","1","1","1","1","1","1","1"
"Wobo","1","1","1","1","1","1","1","1","1","1","1","1","1","1","1","1","1","1","1","1","1","1","1","1","1","1","1","1","1","1","1","1","0.03","1","1","1","1"
"Wonberoch","1","1","1","1","1","1","1","1","1","0.03","1","1","1","1","1","1","1","1","1","1","1","1","1","1","1","1","1","1","1","1","1","1","1","1","1","1","1"
"Wondye","1","1","1","1","1","1","1","1","1","0.05","1","1","1","1","1","1","1","1","1","1","1","0.08","1","1","1","1","1","1","1","1","1","0.11","0.03","1","1","1","1"
"Worego","1","1","1","1","1","1","1","1","1","1","1","1","1","1","1","1","1","1","1","1","1","1","1","1","1","1","1","1","1","1","1","1","0.03","1","1","1","1"
"WorgajaWagi","1","1","1","1","1","1","1","1","1","1","1","1","1","1","1","1","1","1","1","1","1","1","1","1","1","1","1","1","1","1","1","1","1","1","1","1","1"
"WoryaMeskel","0.16","1","1","0.14","0.19","1","1","1","1","0.05","1","1","1","1","0.22","1","1","1","1","1","1","1","1","1","0.14","1","1","1","1","1","1","0.08","0.03","1","1","1","1"
"Woyenti","0.14","1","1","1","0.16","1","1","1","1","1","1","1","1","0.14","1","1","1","1","1","1","1","1","0.03","1","1","1","1","1","1","0.05","1","1","0.08","1","1","1","1"
"Woynye","1","1","1","1","0.05","1","1","1","1","1","1","1","1","1","1","1","1","1","1","1","1","1","1","1","1","1","1","1","1","1","1","1","0.03","1","1","1","1"
"WuhdetG","0.3","1","1","1","0.16","1","0.3","1","1","1","1","0.3","1","0.03","1","1","1","1","1","0.08","1","0.11","0.05","1","1","0.35","1","0.22","1","0.19","1","1","0.14","1","1","1","0.32"
"WuhdetK","0.03","1","1","1","0.05","1","1","0.16","1","1","1","1","1","1","1","1","1","1","1","0.11","1","1","0.11","1","1","1","0.14","1","1","1","1","1","1","1","1","1","1"
"WushaTires","1","1","1","1","1","1","1","1","1","1","1","1","1","1","1","1","1","1","1","1","1","1","1","1","1","1","1","1","1","1","1","1","1","1","1","1","1"
"Yedwuha","1","1","1","1","1","1","1","1","1","1","1","1","1","1","1","1","1","1","1","1","1","1","1","1","1","1","1","1","1","1","1","1","0.03","1","1","1","1"
"Yeju","1","1","1","1","1","1","1","1","1","1","1","1","1","1","1","1","1","1","1","1","1","1","1","1","1","1","1","1","1","1","1","1","0.03","1","1","1","1"
"Yetefet","1","1","1","1","1","1","1","1","1","0.05","1","1","1","1","1","1","1","1","1","1","1","0.08","1","1","1","1","1","1","1","1","1","1","0.03","1","1","1","1"
"YifagAkababi","1","1","1","1","1","1","1","1","1","1","1","1","1","1","1","1","1","1","1","1","1","1","1","1","1","1","1","1","1","1","1","1","1","1","1","1","1"
"Yitihana","0.05","1","1","1","1","1","1","1","1","1","1","1","1","1","1","1","1","1","1","1","1","1","1","1","1","1","1","1","1","1","1","1","0.03","1","1","1","1"
"Zata","0.27","0.11","0.24","1","0.14","1","1","0.3","1","0.19","0.11","1","0.11","1","1","1","1","1","1","0.22","1","0.16","1","1","1","1","1","1","1","1","1","0.32","0.11","1","1","1","1"
"Ziha","1","1","1","1","1","1","1","1","1","1","1","1","1","1","1","1","1","1","1","1","1","1","1","1","1","1","1","1","1","1","1","1","1","1","1","1","1"
"ZihonHuha","0.14","1","1","0.08","0.11","1","1","1","1","0.05","1","1","1","1","1","1","1","1","1","1","1","1","1","1","1","1","1","1","1","1","1","1","0.03","1","1","1","1"
"ZobarYikuanda","0.11","1","1","0.22","0.16","1","0.22","1","1","0.08","0.41","1","1","1","0.32","1","0.35","1","1","0.43","0.27","0.38","1","1","0.05","1","0.27","1","1","1","0.32","0.14","0.03","1","1","1","1"
"Zongi","0.03","1","1","1","1","1","1","0.08","1","1","1","1","1","1","1","1","1","1","1","1","1","1","1","1","1","1","1","1","1","0.05","1","1","1","1","1","1","1"
